{"loss": 0.362848699092865, "lr": 1e-10, "_timestamp": 1696551814.3849585, "_runtime": 2022.031685590744, "_step": 4}