{"loss": 0.20592047274112701, "lr": 1.0000000000000003e-11, "_timestamp": 1696292712.8680208, "_runtime": 14237.194786787033, "_step": 155}