{"loss": 0.21894334256649017, "lr": 1e-06, "_timestamp": 1696455582.3115852, "_runtime": 104.6171202659607, "_step": 0}