{"loss": 0.9742028713226318, "lr": 1.0000000000000001e-11, "_timestamp": 1696679995.2789905, "_runtime": 732.2822465896606, "_step": 8}