{"loss": NaN, "lr": 1e-10, "_timestamp": 1696603931.2013054, "_runtime": 74.74146747589111, "_step": 0}