{"loss": 0.21358315646648407, "lr": 1e-06, "_timestamp": 1696278436.261075, "_runtime": 1851.0745549201965, "_step": 16}