{"loss": 0.38846123218536377, "lr": 1.0000000000000003e-13, "_timestamp": 1696560524.9980953, "_runtime": 8379.953402280807, "_step": 99, "_wandb": {"runtime": 8379}}