{"loss": 0.44019731879234314, "lr": 0.0001, "_timestamp": 1696680346.8946157, "_runtime": 244.39333176612854, "_step": 2}