{"loss": 0.2148759365081787, "lr": 1e-10, "_timestamp": 1696526003.9594448, "_runtime": 488.7094807624817, "_step": 5}