{"loss": 0.2207714319229126, "lr": 1.0000000000000002e-07, "_timestamp": 1696463344.2418573, "_runtime": 7693.769784212112, "_step": 99, "_wandb": {"runtime": 7693}}