{"loss": 1.0, "lr": 1.0000000000000002e-12, "_timestamp": 1696679198.2104182, "_runtime": 1001.3247241973877, "_step": 11}