{"loss": 0.19673702120780945, "lr": 1e-06, "_timestamp": 1696278316.3086274, "_runtime": 3722.0428433418274, "_step": 14}